id,program_id,season_number,season_title,year
1,1,1,Lost in Dimensions:,2019
2,1,2,Lost in Dimensions: Season 2,2020
3,1,3,Lost in Dimensions: Season 3,2021
4,2,1,The Final Stand:,2019
5,2,2,The Final Stand: Season 2,2020
6,2,3,The Final Stand: Season 3,2021
7,2,4,The Final Stand: Season 4,2022
8,3,1,Under the Stars:,2019
9,3,2,Under the Stars: Season 2,2020
10,3,3,Under the Stars: Season 3,2021
11,4,1,Echoes of the Past:,2019
12,4,2,Echoes of the Past: Season 2,2020
13,4,3,Echoes of the Past: Season 3,2021
14,5,1,Mystery of the Abyss:,2019
15,6,1,Beyond the Horizon:,2019
16,6,2,Beyond the Horizon: Season 2,2020
17,7,1,Shadows in the Mist:,2019
18,7,2,Shadows in the Mist: Season 2,2020
19,8,1,Forgotten Realms:,2019
20,8,2,Forgotten Realms: Season 2,2020
21,8,3,Forgotten Realms: Season 3,2021
22,8,4,Forgotten Realms: Season 4,2022
23,8,5,Forgotten Realms: Season 5,2023
24,9,1,Guardians of Fate:,2019
25,10,1,Whispers of the Old Gods:,2019
26,11,1,Chronicles of the Brave:,2019
27,11,2,Chronicles of the Brave: Season 2,2020
28,11,3,Chronicles of the Brave: Season 3,2021
29,12,1,Tales of the Unseen:,2019
30,12,2,Tales of the Unseen: Season 2,2020
31,12,3,Tales of the Unseen: Season 3,2021
32,12,4,Tales of the Unseen: Season 4,2022
33,12,5,Tales of the Unseen: Season 5,2023
34,13,1,Legends of the Ancient:,2019
35,14,1,The Last Enclave:,2019
36,14,2,The Last Enclave: Season 2,2020
37,15,1,A New Dawn:,2019
38,16,1,Rebellion of the Lost:,2019
39,16,2,Rebellion of the Lost: Season 2,2020
40,16,3,Rebellion of the Lost: Season 3,2021
41,17,1,Secrets of the Deep:,2019
42,17,2,Secrets of the Deep: Season 2,2020
43,17,3,Secrets of the Deep: Season 3,2021
44,18,1,Echoes of Tomorrow:,2019
45,18,2,Echoes of Tomorrow: Season 2,2020
46,18,3,Echoes of Tomorrow: Season 3,2021
47,18,4,Echoes of Tomorrow: Season 4,2022
48,18,5,Echoes of Tomorrow: Season 5,2023
49,19,1,The Silent Guardian:,2019
50,19,2,The Silent Guardian: Season 2,2020
51,19,3,The Silent Guardian: Season 3,2021
52,19,4,The Silent Guardian: Season 4,2022
53,19,5,The Silent Guardian: Season 5,2023
54,20,1,Pathways to the Unknown:,2019
55,21,1,The Eternal Journey:,2019
56,21,2,The Eternal Journey: Season 2,2020
57,21,3,The Eternal Journey: Season 3,2021
58,22,1,Twilight of the Gods:,2019
59,22,2,Twilight of the Gods: Season 2,2020
60,22,3,Twilight of the Gods: Season 3,2021
61,22,4,Twilight of the Gods: Season 4,2022
62,22,5,Twilight of the Gods: Season 5,2023
63,23,1,Serenade of the Seas:,2019
64,23,2,Serenade of the Seas: Season 2,2020
65,24,1,Voyage through Time:,2019
66,24,2,Voyage through Time: Season 2,2020
67,25,1,Realm of Shadows:,2019
68,26,1,Dance of the Fireflies:,2019
69,26,2,Dance of the Fireflies: Season 2,2020
70,26,3,Dance of the Fireflies: Season 3,2021
71,26,4,Dance of the Fireflies: Season 4,2022
72,26,5,Dance of the Fireflies: Season 5,2023
73,27,1,The Uncharted Lands:,2019
74,27,2,The Uncharted Lands: Season 2,2020
75,27,3,The Uncharted Lands: Season 3,2021
76,28,1,Mysteries Unveiled:,2019
77,28,2,Mysteries Unveiled: Season 2,2020
78,28,3,Mysteries Unveiled: Season 3,2021
79,28,4,Mysteries Unveiled: Season 4,2022
80,28,5,Mysteries Unveiled: Season 5,2023
81,29,1,The Forgotten Kingdom:,2019
82,29,2,The Forgotten Kingdom: Season 2,2020
83,29,3,The Forgotten Kingdom: Season 3,2021
84,30,1,Rise of the Phoenix:,2019
85,30,2,Rise of the Phoenix: Season 2,2020
86,30,3,Rise of the Phoenix: Season 3,2021
